-- phpMyAdmin SQL Dump
-- version 4.4.15.7
-- http://www.phpmyadmin.net
--
-- Host: localhost
-- Generation Time: Dec 05, 2016 at 11:39 AM
-- Server version: 5.5.52-38.3
-- PHP Version: 5.5.38

SET SQL_MODE = "NO_AUTO_VALUE_ON_ZERO";
SET time_zone = "+00:00";


/*!40101 SET @OLD_CHARACTER_SET_CLIENT=@@CHARACTER_SET_CLIENT */;
/*!40101 SET @OLD_CHARACTER_SET_RESULTS=@@CHARACTER_SET_RESULTS */;
/*!40101 SET @OLD_COLLATION_CONNECTION=@@COLLATION_CONNECTION */;
/*!40101 SET NAMES utf8mb4 */;

--
-- Database: `roshanspace`
--

-- --------------------------------------------------------

--
-- Table structure for table `administrator`
--

CREATE TABLE IF NOT EXISTS `administrator` (
  `id` varchar(45) NOT NULL,
  `first_name` varchar(45) DEFAULT NULL,
  `last_name` varchar(45) DEFAULT NULL,
  `email_id` varchar(110) NOT NULL,
  `password` varchar(124) NOT NULL,
  `contact_number` varchar(45) DEFAULT NULL,
  `address` text,
  `status` tinyint(1) DEFAULT '0',
  `created_at` datetime DEFAULT NULL,
  `last_login` datetime DEFAULT NULL
) ENGINE=InnoDB DEFAULT CHARSET=utf8;

--
-- Dumping data for table `administrator`
--

INSERT INTO `administrator` (`id`, `first_name`, `last_name`, `email_id`, `password`, `contact_number`, `address`, `status`, `created_at`, `last_login`) VALUES
('ad_14534', 'Jane', 'Doe', 'janedoe@example.com', 'testplanepass', '9800452122', 'test street,doesnot exists address', 1, '2016-09-20 16:20:23', NULL),
('ad_57f2039b24116', 'Test', 'User', 'testuser@gmail.com', '$2y$10$hs0SlXmOmeN.r1Ejra6LzezJhh.MBWbRKDN2q9lOdvJwopXzG/Qgy', '9869286465', 'test', 0, '2016-10-03 09:07:07', NULL),
('ad_57f20411af965', 'Test', 'User', 'testuser1@gmail.com', '$2y$10$wdE5uEhkAH8QYSHNcZX5q.zLfjfa.OHi7DHuXZBy2u2INVLZPmNEe', '9869286465', 'test user', 0, '2016-10-03 09:09:05', NULL),
('ad_58063a5e16943', 'asdf', 'qwerty', 'ad@roshanspace.com', '$2y$10$zqT.//uLuxz8uINM7LC6beCczld5PaZj1IjoT2TsidydSc9x/Xhu.', '9096228877', 'sample address', 0, '2016-10-18 17:06:06', NULL);

-- --------------------------------------------------------

--
-- Table structure for table `companies`
--

CREATE TABLE IF NOT EXISTS `companies` (
  `id` varchar(45) NOT NULL,
  `party_name` varchar(110) DEFAULT NULL,
  `address` text,
  `office_number` varchar(45) DEFAULT NULL,
  `other_number` varchar(45) DEFAULT NULL,
  `PAN_number` varchar(45) DEFAULT NULL,
  `email_id` varchar(110) DEFAULT NULL,
  `created_at` datetime DEFAULT NULL
) ENGINE=InnoDB DEFAULT CHARSET=utf8;

--
-- Dumping data for table `companies`
--

INSERT INTO `companies` (`id`, `party_name`, `address`, `office_number`, `other_number`, `PAN_number`, `email_id`, `created_at`) VALUES
('ci_14532', 'Test Party1', 'test street,doesnot exists address', '0226523604', '02226524291', 'AYVXZ6254T', 'janedoe@example.com', '2016-09-20 16:35:04'),
('cust_57ff660a885a8', 'test2', 'test add here', '02245456595', '02245456565', 'AOLK9452F', 'testuser@gmail.com', '2016-10-13 12:46:34'),
('cust_58063b9a25e35', 'MOMS pvt limited', 'sample address of moms', '022-2345685', 'undefined', 'BMAPD8989J', 'info@momspvt.com', '2016-10-18 17:11:22'),
('cust_58355eb407cb2', 'Airtel', '123, Main branch', '9966856589', '9096228844', 'BMAPD8898J', 'info@airtel.com', '2016-11-23 10:17:40'),
('cust_58355eebebd22', 'Rz infocom', '223, D ward , X plot, Noida', '022-2345685', '8446646055', 'BMAPD8898J', 'info@rzinfocom.com', '2016-11-23 10:18:35'),
('cust_5839302f4f269', 'ReverZiel Infotech', 'D 108, sector 3 airoli navi mumbai.', '222222', '777777', '2222222222', 'suraj.vasagaonkar@gmail.com', '2016-11-26 06:48:15'),
('cust_583932c80580a', 'reverziel', 'test add.', 'www', 'www', '1', 'suraj@gmail', '2016-11-26 06:59:20');

-- --------------------------------------------------------

--
-- Table structure for table `contact_persons`
--

CREATE TABLE IF NOT EXISTS `contact_persons` (
  `id` varchar(110) CHARACTER SET utf8 NOT NULL,
  `name` varchar(255) CHARACTER SET utf8 NOT NULL,
  `email` varchar(255) CHARACTER SET utf8 NOT NULL,
  `contact_number` varchar(255) CHARACTER SET utf8 NOT NULL,
  `company_id` varchar(45) CHARACTER SET utf8 NOT NULL,
  `created_at` datetime NOT NULL
) ENGINE=InnoDB DEFAULT CHARSET=latin1;

--
-- Dumping data for table `contact_persons`
--

INSERT INTO `contact_persons` (`id`, `name`, `email`, `contact_number`, `company_id`, `created_at`) VALUES
('cp_57ff3990c0eea', 'test contact person', 'testcontact@person.com', '9898546563', 'ci_14532', '2016-10-13 09:36:48'),
('cp_58065b9345144', 'Rakesh Sharma', 'rakesh@momspvt.com', '', 'cust_58063b9a25e35', '2016-10-18 19:27:47'),
('cp_5807e3aaa2867', 'test2', 'asd@momspvt.com', '123456789', 'cust_58063b9a25e35', '2016-10-19 23:20:42'),
('cp_58355f13631a2', 'Suhash V.', 'shas@airtel.com', '9096228844', 'cust_58355eb407cb2', '2016-11-23 10:19:15'),
('cp_58355f3dbcf22', 'Jatin Sharma', 'js@airtel.com', '9096228844', 'cust_58355eb407cb2', '2016-11-23 10:19:57'),
('cp_58355f697bc2a', 'Iqbal Ahmad', 'iqbal@rzinfocom.com', '8446646055', 'cust_58355eebebd22', '2016-11-23 10:20:41'),
('cp_5839473b180aa', 'suraj vasgaonkar', 'suraj@reverziel.com', '9423234803', 'cust_583932c80580a', '2016-11-26 08:26:35');

-- --------------------------------------------------------

--
-- Table structure for table `master_admin`
--

CREATE TABLE IF NOT EXISTS `master_admin` (
  `id` varchar(45) NOT NULL,
  `first_name` varchar(45) DEFAULT NULL,
  `last_name` varchar(45) DEFAULT NULL,
  `email_id` varchar(110) DEFAULT NULL,
  `password` varchar(124) DEFAULT NULL,
  `contact_number` varchar(45) DEFAULT NULL,
  `address` text,
  `created_at` datetime DEFAULT NULL,
  `last_login` datetime DEFAULT NULL
) ENGINE=InnoDB DEFAULT CHARSET=utf8;

--
-- Dumping data for table `master_admin`
--

INSERT INTO `master_admin` (`id`, `first_name`, `last_name`, `email_id`, `password`, `contact_number`, `address`, `created_at`, `last_login`) VALUES
('ma_57ee0ca5c0c09', 'john', 'doe', 'johndoe@example.com', '$2y$10$0W6wmQL7lfUaAsWAh8Q22.PfpD8hTUeufzde6vsMWgh0XVGaJaTfq', '9869065212', 'test address here', '2016-09-30 08:56:37', NULL),
('ma_58063ada4a68b', 'asdf', 'qwerty', 'ma@roshanspace.com', '$2y$10$63BzOs4F6/8.99Py2Gv10.GQ7y3nv7heUAtPh6Nvqagr805H/tLOa', '9096228877', 'sample address', '2016-10-18 17:08:10', NULL);

-- --------------------------------------------------------

--
-- Table structure for table `order_info`
--

CREATE TABLE IF NOT EXISTS `order_info` (
  `id` varchar(45) NOT NULL,
  `customer_id` varchar(45) DEFAULT NULL,
  `sales_person_id` varchar(45) DEFAULT NULL,
  `cp_id` varchar(110) DEFAULT NULL,
  `site_id` varchar(110) NOT NULL,
  `from_date` date DEFAULT NULL,
  `to_date` date DEFAULT NULL,
  `days` int(11) DEFAULT NULL,
  `custom_cart_rate` varchar(45) DEFAULT NULL,
  `order_date` date DEFAULT NULL,
  `installation_charges` varchar(45) DEFAULT NULL,
  `amount` varchar(110) DEFAULT NULL,
  `order_status` tinyint(1) DEFAULT NULL,
  `po_id` varchar(45) DEFAULT NULL,
  `img_url` varchar(512) DEFAULT NULL,
  `created_at` datetime DEFAULT NULL
) ENGINE=InnoDB DEFAULT CHARSET=utf8;

--
-- Dumping data for table `order_info`
--

INSERT INTO `order_info` (`id`, `customer_id`, `sales_person_id`, `cp_id`, `site_id`, `from_date`, `to_date`, `days`, `custom_cart_rate`, `order_date`, `installation_charges`, `amount`, `order_status`, `po_id`, `img_url`, `created_at`) VALUES
('ord_5832d2414008b', 'ci_14532', 'sp_58063afd77e7b', 'cp_57ff3990c0eea', 'st_57f35f428c453', '2016-11-01', '2016-11-09', 9, '50000', '2016-11-01', '1200', '16200', 0, 'po_583b36c5828e0', NULL, '2016-11-21 11:53:53'),
('ord_583306430cb9f584614157', 'ci_14532', 'sp_58063afd77e7b', 'cp_57ff3990c0eea', 'st_57f35f428c453', '2016-12-20', '2016-12-24', 5, '50000', '2016-11-01', '200', '8533.3333333333', 0, NULL, NULL, '2016-11-21 15:35:47'),
('ord_583306430cb9f75364494', 'ci_14532', 'sp_58063afd77e7b', 'cp_57ff3990c0eea', 'st_123256', '2016-11-01', '2016-11-05', 5, '50000', '2016-11-01', '1000', '9333.3333333333', 0, NULL, NULL, '2016-11-21 15:35:47'),
('ord_583306a65ab151875564488', 'cust_58063b9a25e35', 'sp_58063afd77e7b', 'cp_58065b9345144', 'st_123256', '2016-12-01', '2016-12-30', 30, '40000', '2016-11-02', '1000', '41000', 0, NULL, NULL, '2016-11-21 15:37:26'),
('ord_583306a65ab1579018687', 'cust_58063b9a25e35', 'sp_58063afd77e7b', 'cp_5807e3aaa2867', 'st_57f35f428c453', '2016-12-20', '2016-12-22', 3, '50000', '2016-11-01', '3000', '8000', 0, NULL, NULL, '2016-11-21 15:37:26'),
('ord_5835708b80ed9318360726', 'cust_58355eb407cb2', 'sp_583560bbae65d', 'cp_58355f13631a2', 'st_58355f9ddc322', '2016-11-03', '2016-11-04', 2, '120000', '2016-11-09', '0', '8000', 0, NULL, NULL, '2016-11-23 11:33:47'),
('ord_583578aa63135730165784', 'cust_58355eb407cb2', 'sp_583560bbae65d', 'cp_58355f3dbcf22', 'st_58355fecc7eea', '2016-12-01', '2016-12-10', 10, '50000', '2016-11-03', '0', '16666.666666667', 0, 'po_583727287c98c', NULL, '2016-11-23 12:08:26'),
('ord_58357919b689b1838733554', 'cust_58355eb407cb2', 'sp_583560bbae65d', 'cp_58355f3dbcf22', 'st_58355fecc7eea', '2016-12-24', '2016-12-31', 8, '50000', '2016-11-03', '1000', '14333.333333333', 0, 'po_583727287c98c', NULL, '2016-11-23 12:10:17'),
('ord_58357919b689b344044596', 'cust_58355eb407cb2', 'sp_583560bbae65d', 'cp_58355f13631a2', 'st_58355f9ddc322', '2016-12-10', '2016-12-30', 21, '120000', '2016-11-02', '800', '84800', 0, NULL, NULL, '2016-11-23 12:10:17'),
('ord_583579578237e1249113753', 'cust_58355eebebd22', 'sp_583560bbae65d', 'cp_58355f697bc2a', 'st_58355fecc7eea', '2017-02-01', '2017-02-10', 10, '50000', '2016-11-02', '1200', '17866.666666667', 0, NULL, NULL, '2016-11-23 12:11:19'),
('ord_583579578237e1442439271', 'cust_58355eebebd22', 'sp_583560bbae65d', 'cp_58355f697bc2a', 'st_57f35f428c453', '2017-01-08', '2017-01-10', 3, '50000', '2016-11-02', '0', '5000', 0, NULL, NULL, '2016-11-23 12:11:19'),
('ord_583579578237e1682013690', 'cust_58355eebebd22', 'sp_583560bbae65d', 'cp_58355f697bc2a', 'st_57f35f428c453', '2017-01-05', '2017-01-26', 22, '50000', '2016-11-01', '0', '36666.666666667', 0, NULL, NULL, '2016-11-23 12:11:19'),
('ord_583579a6eaed1459385161', 'cust_58355eb407cb2', 'sp_583560bbae65d', 'cp_58355f13631a2', 'st_123256', '2017-01-31', '2017-02-28', 29, '50000', '2016-11-01', '4000', '52333.333333333', 0, NULL, NULL, '2016-11-23 12:12:38'),
('ord_583579a6eaed1867329782', 'cust_58355eb407cb2', 'sp_583560bbae65d', 'cp_58355f13631a2', 'st_58355f9ddc322', '2016-11-02', '2016-12-28', 57, '120000', '2016-11-01', '8000', '236000', 0, NULL, NULL, '2016-11-23 12:12:38');

-- --------------------------------------------------------

--
-- Table structure for table `po_received`
--

CREATE TABLE IF NOT EXISTS `po_received` (
  `id` varchar(45) NOT NULL,
  `company_id` varchar(45) NOT NULL,
  `administrator_id` varchar(45) DEFAULT NULL,
  `po_number` varchar(45) NOT NULL,
  `po_amount` varchar(45) NOT NULL,
  `img_url` varchar(512) NOT NULL,
  `created_at` date DEFAULT NULL
) ENGINE=InnoDB DEFAULT CHARSET=utf8;

--
-- Dumping data for table `po_received`
--

INSERT INTO `po_received` (`id`, `company_id`, `administrator_id`, `po_number`, `po_amount`, `img_url`, `created_at`) VALUES
('po_583727287c98c', 'cust_58355eb407cb2', 'ad_58063a5e16943', '2300', '40000', '', '2016-11-24'),
('po_583b36c5828e0', 'ci_14532', 'ad_58063a5e16943', '2300', '20000', 'http://roshanspace.reverziel.com/roshanspace_ongoing/uploads/583b36b7b3012.jpg', '2016-11-27');

-- --------------------------------------------------------

--
-- Table structure for table `sales_person`
--

CREATE TABLE IF NOT EXISTS `sales_person` (
  `id` varchar(45) NOT NULL,
  `first_name` varchar(45) DEFAULT NULL,
  `last_name` varchar(45) DEFAULT NULL,
  `email_id` varchar(110) DEFAULT NULL,
  `password` varchar(120) DEFAULT NULL,
  `contact_number` varchar(45) DEFAULT NULL,
  `address` text,
  `joining_date` date DEFAULT NULL,
  `leaving_date` date DEFAULT NULL,
  `status` tinyint(1) DEFAULT '0',
  `created_at` datetime DEFAULT NULL,
  `last_login` datetime DEFAULT NULL
) ENGINE=InnoDB DEFAULT CHARSET=utf8;

--
-- Dumping data for table `sales_person`
--

INSERT INTO `sales_person` (`id`, `first_name`, `last_name`, `email_id`, `password`, `contact_number`, `address`, `joining_date`, `leaving_date`, `status`, `created_at`, `last_login`) VALUES
('sp_14536', 'Jane', 'Doe', 'janedoe@example.com', 'testplanepass', '9800452122', 'test street,doesnot exists address', '2016-08-25', NULL, 1, '2016-09-20 16:34:33', NULL),
('sp_57f36710c5559', 'Test', 'User', 'omkar.bandkar@gmail.com', '$2y$10$yz2jl.HsTPNr8gquoZBrbuo09Qi84GUcrAqFz9pNAjWA4vM.fT0ki', '1234567891', 'hjkhkijkh', '0000-00-00', '0000-00-00', 0, '2016-10-04 10:23:44', NULL),
('sp_58063afd77e7b', 'asdf', 'qwerty', 'sp@roshanspace.com', '$2y$10$2mdRMH1kFFwn6li2mfMix.Uym3qYtgRpA4pi7dUbqaEkeUtxQwfMu', '9096228877', 'sample address', '0000-00-00', '0000-00-00', 0, '2016-10-18 17:08:45', NULL),
('sp_583560bbae65d', 'test1_salesperson', 'test1', 'sp1@roshanspace.com', '$2y$10$SNEyKZBqX/gqfxoIhPB75OqVYpxS0I1hkYxF.HCjcmuthcEGhXT5a', '9096228844', '67,Dalvi Wada, Waghlane Nalegaon Ahmednagar', '0000-00-00', '0000-00-00', 0, '2016-11-23 10:26:19', NULL);

-- --------------------------------------------------------

--
-- Table structure for table `site_info`
--

CREATE TABLE IF NOT EXISTS `site_info` (
  `id` varchar(110) NOT NULL,
  `location_name` varchar(110) DEFAULT NULL,
  `site_code` varchar(45) DEFAULT NULL,
  `size` varchar(45) DEFAULT NULL,
  `cart_rate` varchar(45) DEFAULT NULL,
  `min_cart_rate` varchar(45) DEFAULT NULL,
  `landmark` text,
  `created_at` datetime DEFAULT NULL
) ENGINE=InnoDB DEFAULT CHARSET=utf8;

--
-- Dumping data for table `site_info`
--

INSERT INTO `site_info` (`id`, `location_name`, `site_code`, `size`, `cart_rate`, `min_cart_rate`, `landmark`, `created_at`) VALUES
('st_123256', 'Thane', 'TN001', 'LARGE', '50000', '40000', 'Stn Road', '2016-09-20 16:39:46'),
('st_57f35f428c453', 'Kunj Vihar', 'TN002', 'LARGE', '50000', '40000', 'Kunj Vihar', '2016-10-30 20:22:18'),
('st_57f360b5ccc0e', 'Kunj Vihar', 'TN003', 'LARGE', '50000', '40000', 'Kunj Vihar', '2016-10-30 20:15:07'),
('st_58355f9ddc322', 'Bandra', 'L4567', '12X90', '120000', '10000', 'SV tower', '2016-11-23 10:21:33'),
('st_58355fecc7eea', 'Virar', 'TN005', '88X90', '50000', '10000', 'Near Vibha colony', '2016-11-23 10:22:52'),
('st_58392fcdb4f8e', 'Varli', 'V001', '15*15', '5000', '4500', 'New Site', '2016-11-26 06:46:37');

-- --------------------------------------------------------

--
-- Table structure for table `tax_info`
--

CREATE TABLE IF NOT EXISTS `tax_info` (
  `id` int(11) NOT NULL,
  `tax_type` varchar(110) DEFAULT NULL,
  `amount_in_percent` int(11) DEFAULT NULL,
  `description` text,
  `status` tinyint(1) DEFAULT '0',
  `created_at` datetime DEFAULT NULL
) ENGINE=InnoDB DEFAULT CHARSET=utf8;

--
-- Indexes for dumped tables
--

--
-- Indexes for table `administrator`
--
ALTER TABLE `administrator`
  ADD PRIMARY KEY (`id`);

--
-- Indexes for table `companies`
--
ALTER TABLE `companies`
  ADD PRIMARY KEY (`id`);

--
-- Indexes for table `contact_persons`
--
ALTER TABLE `contact_persons`
  ADD PRIMARY KEY (`id`),
  ADD KEY `company_id` (`company_id`),
  ADD KEY `company_id_2` (`company_id`);

--
-- Indexes for table `master_admin`
--
ALTER TABLE `master_admin`
  ADD PRIMARY KEY (`id`);

--
-- Indexes for table `order_info`
--
ALTER TABLE `order_info`
  ADD PRIMARY KEY (`id`),
  ADD KEY `fk_order_info_customer_id_idx` (`customer_id`),
  ADD KEY `fk_order_info_sales_person_id_idx` (`sales_person_id`),
  ADD KEY `fk_order_info_site_id_idx` (`site_id`),
  ADD KEY `cp_id` (`cp_id`),
  ADD KEY `po_id` (`po_id`);

--
-- Indexes for table `po_received`
--
ALTER TABLE `po_received`
  ADD PRIMARY KEY (`id`),
  ADD KEY `fk_po_reveived_order_id_idx` (`company_id`),
  ADD KEY `fk_po_reveived_administrator_id_idx` (`administrator_id`),
  ADD KEY `company_id` (`company_id`);

--
-- Indexes for table `sales_person`
--
ALTER TABLE `sales_person`
  ADD PRIMARY KEY (`id`);

--
-- Indexes for table `site_info`
--
ALTER TABLE `site_info`
  ADD PRIMARY KEY (`id`);

--
-- Indexes for table `tax_info`
--
ALTER TABLE `tax_info`
  ADD PRIMARY KEY (`id`);

--
-- Constraints for dumped tables
--

--
-- Constraints for table `contact_persons`
--
ALTER TABLE `contact_persons`
  ADD CONSTRAINT `fk_cp_company_id` FOREIGN KEY (`company_id`) REFERENCES `companies` (`id`) ON DELETE CASCADE ON UPDATE CASCADE;

--
-- Constraints for table `order_info`
--
ALTER TABLE `order_info`
  ADD CONSTRAINT `fk_order_info_company_id` FOREIGN KEY (`customer_id`) REFERENCES `companies` (`id`) ON DELETE NO ACTION ON UPDATE CASCADE,
  ADD CONSTRAINT `fk_order_info_cp_id` FOREIGN KEY (`cp_id`) REFERENCES `contact_persons` (`id`) ON DELETE NO ACTION ON UPDATE NO ACTION,
  ADD CONSTRAINT `fk_order_info_po_id` FOREIGN KEY (`po_id`) REFERENCES `po_received` (`id`) ON DELETE NO ACTION ON UPDATE NO ACTION,
  ADD CONSTRAINT `fk_order_info_sales_person` FOREIGN KEY (`sales_person_id`) REFERENCES `sales_person` (`id`) ON DELETE NO ACTION ON UPDATE NO ACTION,
  ADD CONSTRAINT `fk_order_info_site_id` FOREIGN KEY (`site_id`) REFERENCES `site_info` (`id`) ON DELETE NO ACTION ON UPDATE CASCADE;

--
-- Constraints for table `po_received`
--
ALTER TABLE `po_received`
  ADD CONSTRAINT `fk_po_received_company_id` FOREIGN KEY (`company_id`) REFERENCES `companies` (`id`) ON DELETE CASCADE ON UPDATE CASCADE,
  ADD CONSTRAINT `fk_po_reveived_administrator_id` FOREIGN KEY (`administrator_id`) REFERENCES `administrator` (`id`) ON DELETE NO ACTION ON UPDATE CASCADE;

/*!40101 SET CHARACTER_SET_CLIENT=@OLD_CHARACTER_SET_CLIENT */;
/*!40101 SET CHARACTER_SET_RESULTS=@OLD_CHARACTER_SET_RESULTS */;
/*!40101 SET COLLATION_CONNECTION=@OLD_COLLATION_CONNECTION */;
